baseline_unimodal,c-index
clinical,0.7631447170756134
rna-seq,0.7326245323882654
fusion_network,0.7354965585054081
