model,c-index
multimodality,0.7768657487598678 (0.04279807565228312)
baseline_clinical,0.7647792264519844 (0.05148971169657924)
baseline_rna-seq,0.7350453296414373 (0.041027886515275336)
